"id","profileName","text","date","title","rating","images","helpful","variant:"
"R7HJ0O7RH5GPF","Celeste","Excelente producto, no huele mal y dura mucho tiempo.","Revisado en M√©xico el 27 de enero de 2026","Alta Calidad","5.0 de 5 estrellas","","0",
"R2RJ235HRLBJJE","Massiel Hern√°ndez","Mejor arena para 4 gatos mantiene mi casa sin olores feos y es s√∫per aglutinante.","Revisado en M√©xico el 15 de enero de 2026","La mejor arena!","5.0 de 5 estrellas","","0",
"R28ZJGOT84P1BQ","Sara Fernandez","Lleg√≥ antes de lo planeado.
Muy buena calidad","Revisado en M√©xico el 8 de enero de 2026","Es muy buen producto","5.0 de 5 estrellas","","0",
"R1PR137VLTMQZZ","Casi no saca polvo, aglutina muy buen y gasto menos arena","Comenz√≥ a salir con mucho polvo la arena y le el precio prefer√≠ cambiar, para mi no lo val√≠a","Revisado en M√©xico el 31 de diciembre de 2025","Bajo la calidad","3.0 de 5 estrellas","","0",
"RUNCXBMWD7BEZ","Mariana","La mejor arena para gato del mercado, mis gatos la aman. Aglutina s√∫per bien .","Revisado en M√©xico el 29 de diciembre de 2025","Mis gatos la aman","5.0 de 5 estrellas","","0",
"R2MMTHUQEE4JLI","Karen Coyotl","La marca est√° bien, pero no me lleg√≥ completo, ped√≠ dos paquetes de 42lbs y solo me lleg√≥ uno.","Revisado en M√©xico el 22 de diciembre de 2025","Entregar completo lo que se pide","2.0 de 5 estrellas","https://m.media-amazon.com/images/I/81AtFfMmBHL.jpg","0",
"R2SJAMQBZKOBEV","Rous Ayala","Me encanta que sea aglutin√© perfecto y que no tenga olor a arenero. Es de mis favoritas ü´∞üèº","Revisado en M√©xico el 16 de diciembre de 2025","Excelente calidad y precio","5.0 de 5 estrellas","","0",
"R2ACU26NXKLD7E","Giseleca","Es muy buen producto pero a veces sube mucho el costo.","Revisado en M√©xico el 7 de diciembre de 2025","Muy buen producto pero...","5.0 de 5 estrellas","","0",
"RK73C53286OND","ARI","Adecuada para los gatos","Revisado en M√©xico el 30 de noviembre de 2025","Se aglutina f√°cilmente","5.0 de 5 estrellas","","0",
"R1PPR4F7N65AMH","Fer Ch√°vez","Lleg√≥ tarde por eso las 4 estrellas, fuera de eso, todo bien","Revisado en M√©xico el 28 de noviembre de 2025","Lleg√≥ tarde","4.0 de 5 estrellas","","0",
"R32TL6LSDOB90T","Cliente Amazon","La he comprado m√°s de 6 veces ye funciona muy bien, tengo 4 gatos y cero olores.","Revisado en M√©xico el 27 de noviembre de 2025","Buen producto, cero olores malos.","4.0 de 5 estrellas","","0",
"R1FW1GI5MA2L71","Mar√≠a Esther Alan√¨s","De muy buena calidad","Revisado en M√©xico el 17 de noviembre de 2025","Recomiendo ampliamente","5.0 de 5 estrellas","","0",
"R1NRE8OHU9MN8J","Deyla Hern√°ndez","Todo muy bien!","Revisado en M√©xico el 11 de noviembre de 2025","Arena de calidad","5.0 de 5 estrellas","","0",
"R2GVV6H0DHI3F3","Zadkiele Estrada","La arena sale mal√≠sima, la verdad no creo que la calidad sea la original tengan cuidado","Revisado en M√©xico el 6 de noviembre de 2025","Mala experiencia","1.0 de 5 estrellas","","0",
"R3MCW6491IKOHU","Eduardo","He comprado muchas marcas y siempre vuelvo a esta.Sin duda la mejor del mercado. Vale la pena cada peso.","Revisado en M√©xico el 26 de julio de 2025","Excelente","5.0 de 5 estrellas","","0",
"R20QQ7JMSXBRBA","Magdalena","Pr√°ctico","Revisado en M√©xico el 11 de julio de 2025","No huele","5.0 de 5 estrellas","","0",
"R5T6XBRY8PSNN","Paulina R","Es la mejor arena, aglutina muy bien y no guarda muy bien los colores","Revisado en M√©xico el 21 de junio de 2025","Muy buena","5.0 de 5 estrellas","","0",
"R3475S5UYL4ZSY","Nimbe Bonilla","Aglutina super bien y no deja olores.","Revisado en M√©xico el 16 de abril de 2025","Super buena","5.0 de 5 estrellas","","0",
"R1TU2U458F6BH5","Jazmin Villar","Arena b√°sica, aglutina orina medianamente
Si tienes muchos gatos quiz√° no sea la opcion","Revisado en M√©xico el 11 de abril de 2025","Arena b√°sica","3.0 de 5 estrellas","","0",
"R2HG6AXOYKAH7L","Daniel","Me causa desconfianza la envoltura, porque es id√©ntica a la marca step away (justo quise cambiar a scoop away porque la otra baj√≥ de calidad)
No s√© si es lo mismo, todas las leyendas y el dise√±o de las bolsas de arena corresponde a la otra marca y no se parece en nada a la imagen de la publicaci√≥n","Revisado en M√©xico el 11 de abril de 2025","Bolsas de arena parecen copia de otra marca","2.0 de 5 estrellas","https://images-na.ssl-images-amazon.com/images/G/01/x-locale/common/grey-pixel.gif","0",
"R2BPWE83C01CKB","Leticia Cort√©s","Les encanta a mis gatitos","Revisado en M√©xico el 3 de marzo de 2025","Una de sus 3 favoritas","5.0 de 5 estrellas","","0",
"RGQCWS8Y6ALCI","Sandy S","Prob√© otras marcas y esta las super√≥ a todas, jam√°s oler√° y rinde mucho, desde que me la recomendaron jam√°s la cambiar√≠a","Revisado en M√©xico el 31 de enero de 2025","Tiene un olor excepcional!","5.0 de 5 estrellas","","0",
"RUVW99UEZV2V2","Vanessa","Contiene los olores y aglutina muy bien, Es una excelente opci√≥n","Revisado en M√©xico el 12 de enero de 2025","La mejor arena","5.0 de 5 estrellas","","0",
"R2VS69QURW5BUR","Omar Antonio Badillo S√°nchez","Guarda los olores muy bien, as√≠ que, para mi es la mejor","Revisado en M√©xico el 7 de enero de 2025","Mi gato ya se acostumbr√≥","5.0 de 5 estrellas","","0",
"R3L9WAYF9MTTJ0","Amazon Customer","Excellent product","Revisado en M√©xico el 30 de diciembre de 2024","Excellent product","5.0 de 5 estrellas","","0",
"RWW6YKMT8CCJF","Ricardo","Guarda olores por mas dias","Revisado en M√©xico el 18 de diciembre de 2024","Arena","5.0 de 5 estrellas","","0",
"R1FBPGA1C0YGM3","Martha Maldonado","Excelente producto a muy buen precio","Revisado en M√©xico el 17 de diciembre de 2024","Buena oferta","5.0 de 5 estrellas","","0",
"R1O31I0DSRNQ64","karina","La mejor arena para mis gatitas","Revisado en M√©xico el 11 de diciembre de 2024","Excelente calidad","5.0 de 5 estrellas","","0",
"R3SG54LDGWSDU6","Lucy","Es la arena que siempre uso, es muy buena.","Revisado en M√©xico el 11 de diciembre de 2024","Es muy buena","5.0 de 5 estrellas","","0",
"R3RW4DTNGLVHJE","Alicia Ortiz","El producto es bueno, aglutina muy bien y no deja aroma. Recomendado ampliamente.","Revisado en M√©xico el 8 de diciembre de 2024","Excelente calidad","5.0 de 5 estrellas","","0",
"R28CX8WGOFLLKP","Nataly Garcia","Hace lo mismo que otras arenas que cuestan menos. y duran lo mismo. Ademas, es muy dificil de limpiar, se queda pegada.","Revisado en M√©xico el 5 de diciembre de 2024","No vale el precio.","1.0 de 5 estrellas","","0",
"RF44A753AM8P4","Vanessa Monserrat Hern√°ndez Mendoza","muy buena calidad y rendidora:)","Revisado en M√©xico el 3 de diciembre de 2024","Mi arena favorita","5.0 de 5 estrellas","","0",
"RMHQUPLZQRXGC","DABEY","Excelente producto.","Revisado en M√©xico el 2 de diciembre de 2024","Entrega a tiempo sin contratiempos.","5.0 de 5 estrellas","","0",
"R51XBKQFQV63G","Buena calidad","La f√≥rmula anterior me gustaba m√°s sin embargo la marca se distingue por su calidad y la forma en la que se aglutina tanto orina como popo.","Revisado en M√©xico el 2 de diciembre de 2024","Buena calidad","5.0 de 5 estrellas","","0",
"R9459IJWD5957","Cynthia Corral","Me encanta esta arena, el la mejor cuando no deseas que haya olores desagradables en tu casa","Revisado en M√©xico el 1 de diciembre de 2024","La mejor","5.0 de 5 estrellas","","0",
"R26V8ZAQ5PW1YT","Rosy","es la mejor arena! l√°stima que se escasea mucho","Revisado en M√©xico el 30 de noviembre de 2024","excelente arena","5.0 de 5 estrellas","","0",
"R2MKZK4RVLN5WV","Luis Diaz","Excelente","Revisado en M√©xico el 29 de noviembre de 2024","Excelente","5.0 de 5 estrellas","","0",
"RZSHJECU815YH","Laura","Contrae la heces y ahoga el mal olor","Revisado en M√©xico el 27 de noviembre de 2024","Efectivo","5.0 de 5 estrellas","","0",
"RSTNLG7F627VI","gabymel","Aglutina y no deja que olores salgan
Excelente","Revisado en M√©xico el 25 de noviembre de 2024","Super arena","5.0 de 5 estrellas","","0",
"R3QJN4PC5KH3XU","Claudia Luviano Sandoval","El pedido lleg√≥ a tiempo, en buenas condiciones y el producto tiene excelente calidad. Lo recomiendo","Revisado en M√©xico el 19 de noviembre de 2024","A tiempo","5.0 de 5 estrellas","","0",
"R3N4VF4LV8R99C","Juan Antonio Carlos Rodriguez","Es muy buena la arena, f√°cil de limpiar, protege de los olores, he probado otras marcas, no est√°n a la altura de √©sta. El pedido lleg√≥ en tiempo y forma.","Revisado en M√©xico el 17 de noviembre de 2024","Calidad","5.0 de 5 estrellas","","0",
"R1BIMXC16O0B2G","TePi","Es una arena que les gusta a mis gatos, f√°cil de limpiar y que evita los malos olores. El √∫nico inconveniente es que es demasiado cara y muchas veces no est√° disponible.","Revisado en M√©xico el 15 de noviembre de 2024","buena pero demasiado cara","4.0 de 5 estrellas","","0",
"R25H8GQ6EKZ600","Amazon Kunde","tengo tres gatos, por lo que he probado muchisimos tipos de arena, esta ha sido la mejor hasta el momento.
No huele, no genera polvo, aglutina muy bien y se limpia f√°cil.
Dura bastante.","Revisado en M√©xico el 12 de noviembre de 2024","la mejor arena que he usado hasta el momento","5.0 de 5 estrellas","","0",
"R2RBPSHCSCSK7","Cliente de Amazon","mejor compren otra marca, esta no sirve para los orines de gato","Revisado en M√©xico el 7 de noviembre de 2024","horrible y cara","1.0 de 5 estrellas","","0",
"R9U8IX4J2RQ8J","Edith P.","La mejor arena para gatos que he comprado","Revisado en M√©xico el 4 de noviembre de 2024","Excelente","5.0 de 5 estrellas","","0",
"RYQVAAAF6ZROL","MarLu NeCo","Buen producto, lo compro peri√≥dicamente porque es el que m√°s me ha gustado y a Is gatos tambi√©n","Revisado en M√©xico el 26 de octubre de 2024","BUEN PRODUCTO","5.0 de 5 estrellas","","0",
"RNNTWE4KWC11W","Melissa","S√≠ controla olores, y s√≠ dura m√°s en buen estado que otras, sin embargo no es dust free.","Revisado en M√©xico el 20 de septiembre de 2024","Buena calidad","5.0 de 5 estrellas","","0",
"RVJT4XZMQZRD4","Engel","Buena arena para gatos.","Revisado en M√©xico el 7 de septiembre de 2024","Bastante buena.","5.0 de 5 estrellas","","0",
"R2ERAKZQP59KGG","Elisa D.","Aglutina muy bien y como huele a lavanda no salen malos olores.","Revisado en M√©xico el 15 de agosto de 2024","Excelente arena","5.0 de 5 estrellas","","0",
"RKC5DP5J3XREH","Omar","Es muy buena la arena, el olor lo tapa muy bien, dura mucho y es excelente calidad","Revisado en M√©xico el 13 de agosto de 2024","Incre√≠ble","5.0 de 5 estrellas","","0",
"R269RD2D8CW4PG","Amazon Customer","El √∫nico lugar donde puedo encontrarla","Revisado en M√©xico el 9 de agosto de 2024","Excelente arena, la mejor!","5.0 de 5 estrellas","","0",
"R237KM4BGQ9PPK","Irma Flores Ruiz","Excelente producto y tiempo de entrega","Revisado en M√©xico el 8 de agosto de 2024","Excelente producto y tiempo de entrega","5.0 de 5 estrellas","","0",
"R23BYF9B9S52QK","carhen","Dura mucho y no huele","Revisado en M√©xico el 8 de agosto de 2024","Excelente arena","5.0 de 5 estrellas","","0",
"R1DKW1N3KZS34T","MARIELA","EL PRODUCTO ES EXCELENTE, PERO SE ENCUENTRA SOBREVALUADO EN COSTO.","Revisado en M√©xico el 6 de agosto de 2024","EL PRODUCTO ES DE EXCELENTE CALIDAD","5.0 de 5 estrellas","","0",
"R191X3WV5SBOO2","Jose M.","Buenisima, f√°cil de limpiar y no genera malos olores. El producto est√° perfecto, 3 estrellas por el precio, est√° car√≠sima a comparaci√≥n de Costco pero est√° bien como √∫ltima opci√≥n de compra cuando est√° agotada en otros lados.","Revisado en M√©xico el 6 de agosto de 2024","De las mejores arenas para gato","3.0 de 5 estrellas","","0",
"R37O0K10PZOBQ9","LMDM","Aunque es de las m√°s costosas, definitivamente es la mejor que he probado, atrapa todos los olores y aglutina excelente, sin embargo, no es perfecta, pues tiene aroma a lavanda, y hasta donde he investigado, se recomienda que las arenas sean inodoras, pero bueno, el gato la usa y no parece disgustarle el aroma. As√≠ que la recomiendo totalmente!","Revisado en M√©xico el 6 de agosto de 2024","La mejor que he probado","5.0 de 5 estrellas","","0",
"R2KJ89IZAWXYRA","Paula","Me encanta y a mis gatos m√°s","Revisado en M√©xico el 3 de agosto de 2024","La mejor arena en el mercado","4.0 de 5 estrellas","","0",
"R33JSPS39Y4L9I","Teresa","Si bien no es una areana barata cumple con lo esperado del producto.","Revisado en M√©xico el 28 de julio de 2024","Calidad","5.0 de 5 estrellas","","0",
"R2PXYAXM5OO646","E. LETICIA MARTINEZ GARCIA","Es la mejor arena, aglutina y evita olores de manera perfecta","Revisado en M√©xico el 26 de julio de 2024","Evita los malos olores","5.0 de 5 estrellas","","0",
"R2XG1JVTTL09ZB","Aida P.","La mejor arena para gatos ! üò∏","Revisado en M√©xico el 11 de julio de 2024","La mejor","5.0 de 5 estrellas","","0",
"R31LCWXEJ7070U","Fernanda G","No suelta nada de polvo, aglutina y absorbe muy bien los olores. La recomiendo much√≠simo.","Revisado en M√©xico el 22 de junio de 2024","Cero polvo","5.0 de 5 estrellas","","0",
"R1URM5QHSTVZVP","Alejandra R.","Terrible, compraba este producto anteriormente y filtraba muy bien los olores ahora nada de eso, baj√≥ calidad pero subi√≥ precio, no vuelvo a comprar esta marca eso est√° claro.","Revisado en M√©xico el 4 de junio de 2024","Baj√≥ calidad","1.0 de 5 estrellas","","0",
"RH4TFDJG63DSC","Marybell","Atrapa bien todo y no huele","Revisado en M√©xico el 16 de mayo de 2024","Excelente","5.0 de 5 estrellas","","0",
"R32SPGRAU4CU0P","Silvia Carrillo Calvet","Muy buena","Revisado en M√©xico el 11 de mayo de 2024","Excelente","5.0 de 5 estrellas","","0",
"R38Y1WPOLLSNYI","Carmen","I xvelebte","Revisado en M√©xico el 30 de abril de 2024","Excelente","5.0 de 5 estrellas","","0",
"R3JR2INN3F7275","JORGE AMADO QUIROGA GUERRERO","lo mejor en marca de arenas","Revisado en M√©xico el 17 de abril de 2024","Olor","5.0 de 5 estrellas","","0",
"R2HIZK1ME8C46P","Gaby Manterola","Excelente, la arena me ha durado bastante y ayuda mucho con los olores","Revisado en M√©xico el 6 de abril de 2024","Buena calidad","5.0 de 5 estrellas","","0",
"R3V9727GEM17U","ShuShu","Me gusta este producto, llego bien","Revisado en M√©xico el 6 de abril de 2024","Bien","5.0 de 5 estrellas","","0",
"RK4IUH4AP84OQ","Fabby","Me encanta ü´∂","Revisado en M√©xico el 3 de abril de 2024","Excelente","5.0 de 5 estrellas","","0",
"R22O54MNCTM1PO","Juan Carlos","Est√° arena es muy buena, ayuda a eliminar bastante los olores","Revisado en M√©xico el 1 de abril de 2024","Excelente son olores","5.0 de 5 estrellas","","0",
"RP8NSGCCDQ1E2","Gerardo miguel Vel√°zquez Zamora","Muy buen producto","Revisado en M√©xico el 24 de marzo de 2024","Arena","4.0 de 5 estrellas","","0",
"R3M4HF7OQ2GKX1","sandra m.","Todo bien","Revisado en M√©xico el 19 de marzo de 2024","Excelente","5.0 de 5 estrellas","","0",
"R2C5IGR6HJSKOP","Maria de los Angeles Ram√≠rez Garc√≠a","Es buena huele bien y es agrutinante","Revisado en M√©xico el 19 de marzo de 2024","Calidad","5.0 de 5 estrellas","","0",
"R1QO52YFXQPBJX","Maura Garcia","Muy bueno, el producto siempre llega en buen estado","Revisado en M√©xico el 16 de marzo de 2024","Exelente","5.0 de 5 estrellas","","0",
"R1QTOLEC348CFD","Ramses Lira","no quedan malos olores despu√©s de limpiar las heces de mi gato, tambipen aglutina perfectamente la orina. lo √∫nico malo es el precio, me parece cara","Revisado en M√©xico el 15 de marzo de 2024","buena compra, aunque cara","5.0 de 5 estrellas","","0",
"R2KGWA5SWOL5FQ","MANUEL MORENO GARCIA","LA ARENA ES BUENA CUMPLE CON LO QUE PROMETE","Revisado en M√©xico el 3 de marzo de 2024","Es buena","4.0 de 5 estrellas","","0",
"R1AB8JIODSLIWE","Susana Juarez","El producto es muy bueno y lleg√≥ antes de lo esperado","Revisado en M√©xico el 28 de febrero de 2024","Super r√°pido","5.0 de 5 estrellas","","0",
"R1ESG2VO5TINYW","Cliente de Amazon","EXCELENTE PRODUCTO PARA LOS ARENEROS DE MIS MININAS.","Revisado en M√©xico el 20 de febrero de 2024","Scoop Away Complete Performance Fresh - Arena arom√°tica para gatos","5.0 de 5 estrellas","","0",
"R2VZMRHF0SPZJO","Plinio Sosa","Muy bien.","Revisado en M√©xico el 16 de febrero de 2024","Bien.","5.0 de 5 estrellas","","0",
"R2RGUD8ZOVF0RJ","Gelita","Absorbe mu bien y el olor es agradable. Lleg√≥ a tiempo y bien embalada","Revisado en M√©xico el 6 de febrero de 2024","Arena arom√°tica para felinos","5.0 de 5 estrellas","","0",
"R3990KRN8H4TWO","A mi gatito le gustaron","La arena tan buena como siempre pero se tard√≥ en llegar","Revisado en M√©xico el 30 de enero de 2024","Se tard√≥ en llegar","4.0 de 5 estrellas","","0",
"R2ZTYQL7N7O5WF","Me encant√≥, tal como la imagen","Muy buena arena","Revisado en M√©xico el 18 de enero de 2024","Excelente calidad","5.0 de 5 estrellas","","0",
"RU7NTL1YL26J8","Luisa Brauer","me gusta mucho y los gatos me lo agradecen. Es muy dificl encontrarlo en otra tienda, por lo que, aunque no se pueda siempre, por el precio, por lo menos 1 vez cada 2 meses me doy este lujo.","Revisado en M√©xico el 11 de enero de 2024","Extraordinariamente bueno, es el mejor, pero asi cuesta","5.0 de 5 estrellas","","0",
"R2WI8D2EUM68XL","Marcela","Cero olores y f√°cil de limpiar","Revisado en M√©xico el 6 de enero de 2024","La mejor arena para tu gato","5.0 de 5 estrellas","","0",
"R330ZQIOZHLVB9","Isabel Rodr√≠guez","Excelente producto, encapsula bien la pip√≠ y popo. Cero olores. üíï","Revisado en M√©xico el 5 de enero de 2024","Excelente","5.0 de 5 estrellas","","0",
"R2QCIDB0JSE71","Dulce Cole","Me encanta la marca sin embargo creo que el incremento de precio es excesivo lo que hace considerar otras opciones m√°s accesibles","Revisado en M√©xico el 25 de diciembre de 2023","Aglutina muy bien","5.0 de 5 estrellas","","0",
"R9CY7NO0XRLC","Manahem Jedidias Abisai Fuentes Solana","Lo √∫nico malo es el precio tan elevado","Revisado en M√©xico el 2 de diciembre de 2023","Muy caro","1.0 de 5 estrellas","","0",
"R27SEP8UWO7QSR","Juan de Dios","Si fue lo que pedi","Revisado en M√©xico el 29 de noviembre de 2023","Llego a tiempo y en buen estado","5.0 de 5 estrellas","","0",
"R3PG1TIJB51QLL","Jose Eduardo","Al comprarlo cre√≠ que llegar√≠a dos paquetes, pero solo fue uno. Para el precio que tiene por este medio es muy exesivo. Cuando est√© producto no pasa de los 400","Revisado en M√©xico el 14 de noviembre de 2023","La arena es muy buena pero el precio en reventa es un exeso","3.0 de 5 estrellas","","0",
"R3KV77EB70A6DK","Lilia","Lleg√≥ mil maltratado el paquete, empate todo roto y sucio y al quitar el explaye not√© que una de las 4 bolsas una estaba abierta!!
Adem√°s se tir√≥ contenido.","Revisado en M√©xico el 10 de noviembre de 2023","Un empaque lleg√≥ abierto y se tir√≥ el contenido","3.0 de 5 estrellas","https://images-na.ssl-images-amazon.com/images/G/01/x-locale/common/grey-pixel.gif
https://images-na.ssl-images-amazon.com/images/G/01/x-locale/common/grey-pixel.gif","0",
"R24V39I3IX1WMG","Isela Gutierrez","Es la mejor arena que he probado, aglutina muy bien y disminuye el olor","Revisado en M√©xico el 1 de noviembre de 2023","Buenisima","5.0 de 5 estrellas","","0",
"RZPWCLSAUIPDM","ann","La hemos usado por a√±os y no pensamos cambiar de marca. No huele, es f√°cil de limpiar y a los gatos les encanta.","Revisado en M√©xico el 24 de octubre de 2023","Excelente arena","5.0 de 5 estrellas","","0",
"R2NCKLL7UWNC1Z","Marcela","Me encanta esta arena porque es muy f√°cil de limpiar y bloquea muy bien el olor, el precio es elevado pero s√≠ lo vale","Revisado en M√©xico el 2 de octubre de 2023","La mejor arena que he probado","5.0 de 5 estrellas","","0",
"R3RCTAOW66FU3E","Jessicka Haro Mendez","sin duda es la mejor arena , aglutina, no tiene olores feos, ya le he buscado y pues no encuentro alguna como esta, super recomendable y m√°s si tienes + 1 gatito
lo √∫nico es que pues obvio no es tan barata como otras opciones","Revisado en M√©xico el 28 de septiembre de 2023","La mejor presentaci√≥n y arena","5.0 de 5 estrellas","","0",
"R2L2YMZZJKL5HQ","LauraP","Las popis de mis gatitos y su pip√≠ es muy olorosa y no pod√≠a eliminar los malos olores con ning√∫n producto (aun manteniendo limpio su lugar) pero esta arena pudo con lo imposible üëèüèº elimin√≥ los olores y es un s√∫per aglutinante, por lo que se puede limpiar muy f√°cilmente y en la arena no queda ning√∫n residuo de pip√≠ ni de nada ‚ò∫Ô∏è 9.8 de 10, porque no es completamente libre de polvo jeje","Revisado en M√©xico el 18 de septiembre de 2023","Excelente producto","5.0 de 5 estrellas","","0",
"R3N9I3P6FZ43CN","Abraham M.","Esta arena es la mejor para controlar olores , es muy buena y la recomiendo ampliamente para mis 5 gatos.","Revisado en M√©xico el 12 de septiembre de 2023","La mejor arena !","5.0 de 5 estrellas","","0",
"RDRUGCMPNSBOZ","J. Antonio Barrera Marquez","Adem√°s de todas sus cualidades, lo mejor es que no contiene polvo ni se desintegra como otras marcas.","Revisado en M√©xico el 9 de septiembre de 2023","No contiene polvo","5.0 de 5 estrellas","","0",
"R2W0PX427GVQ5O","Emilia Gorospe","Hace d√≠as prob√© este art√≠culo usaba otra marca con cierta satisfacci√≥n pero esta arena no cabe duda es muy bueno aglutina de tal forma que incluso puedo decir que se ahorra cantidad de arena y en lo del olor hay mucho muy buen control estoy muy satisfecha y en relaci√≥n al precio super bien en esta presentaci√≥n de 42 libras es por kilo a raz√≥n de 36 pesos","Revisado en M√©xico el 4 de julio de 2023","Calidad y precio","5.0 de 5 estrellas","","0",
"R2LFB5XWUEPJ0V","Alex","Excelente producto. Maneja muy bien los olores.","Revisado en M√©xico el 3 de julio de 2023","Buen producto","5.0 de 5 estrellas","","0",
"RN7G72A2K98TE","Beatriz Martinez","La paqueteria trat√≥ mal el producto, lleg√≥ maltrado","Revisado en M√©xico el 1 de julio de 2023","Producto excelente","5.0 de 5 estrellas","","0",