"id","profileName","text","date","title","rating","images","helpful","variant:tama√±o","variant:nombre del estilo"
"R2GH0AJUUTVCAG","F","Absorbe bien la orina y oculta bien los aromas","Revisado en M√©xico el 29 de enero de 2026",".","5.0 de 5 estrellas","","0","5 Kg","Aglutinante"
"RTYZV3K7EFUMJ","Brenda Funes","Por calidad Presio me sorprendi√≥ muy buena l√°stima que ya no la encontr√© para comprar m√°s","Revisado en M√©xico el 29 de enero de 2026","Muy buena","5.0 de 5 estrellas","","0","5 Kg","Aglutinante"
"R2DDQQGDVZAUX","Zara L.","No la recomiendo nada, se desmorona al momento de levantarla no aglutina pr√°cticamente nada","Revisado en M√©xico el 27 de enero de 2026","No funciona","1.0 de 5 estrellas","","0","5 Kg","Aglutinante"
"R2XPBTH66L0015","Cynthia","Excelente calidad.","Revisado en M√©xico el 26 de enero de 2026","Buena arena","5.0 de 5 estrellas","","0","5 Kg","Aglutinante"
"R6LFZR9U4TE2U","Juan Carlos","Es lo suficientemente necesario para mi gato, lo que no me gust√≥ es que no quita el mal olor pero no podr√≠a pedir mucho por el precio","Revisado en M√©xico el 25 de enero de 2026","Bueno y barato","4.0 de 5 estrellas","","0","5 Kg","Aglutinante"
"R2XXDWZPIS0XU4","Janeth","Excelente calidad, me encant√≥! Cumple lo que promete Gracias!","Revisado en M√©xico el 24 de enero de 2026","Realmente inodoro üñ§‚ú®","5.0 de 5 estrellas","","0","5 Kg","Aglutinante"
"R3IEB22T0WLPPM","JUAN G.","Ayuda a que no tenga mal olor","Revisado en M√©xico el 22 de enero de 2026","Buen producto","4.0 de 5 estrellas","","0","5 Kg","Aglutinante"
"R122YZRWGNVZ45","Paola L√≥pez","mis gatos la recibieron desde el primer momento, no es polvosa y aglutina bien, es una excelente opci√≥n, econ√≥mica y funcional","Revisado en M√©xico el 22 de enero de 2026","buena bonita y barata","5.0 de 5 estrellas","","0","5 Kg","Aglutinante"
"R18OPMWSXC211P","Porfirio Morales","Excelente producto y muy √∫til para el arenero y un olor excelente a lavanda","Revisado en M√©xico el 20 de enero de 2026","Producto de primera","5.0 de 5 estrellas","","0","5 Kg","Aglutinante"
"R2UFG02S633CPB","Cinthya Fonseca","No aglutina mucho","Revisado en M√©xico el 18 de enero de 2026","No aglutina","3.0 de 5 estrellas","","0","5 Kg","Aglutinante"
"R1GSPA4NW0HJ4F","Carlota del carmen","Me gusto el producto","Revisado en M√©xico el 15 de enero de 2026","Llego en buen estado","5.0 de 5 estrellas","","0","5 Kg","Aglutinante"
"R2CQPUFRKZT22H","Violeta Flores","Una arena econ√≥mica muy buena, si es aglutinante por lo que no se desperdicia mucha arena, adem√°s de que tiene un ligero aroma a lim√≥n qu√© hace que no huela para nada desagradable. Es excelente por su precio.","Revisado en M√©xico el 13 de enero de 2026","Buena calidad por el precio","5.0 de 5 estrellas","","0","5 Kg","Aglutinante"
"R2NIWKN5SZXALF","Carlos Alejandro","Perfecta arena ü´∂üèª","Revisado en M√©xico el 13 de enero de 2026","Satisfecho","4.0 de 5 estrellas","","0","5 Kg","Aglutinante"
"RI3OBEYFYU16I","Martin","Exelente","Revisado en M√©xico el 10 de enero de 2026","Exelente","5.0 de 5 estrellas","","0","5 Kg","Aglutinante"
"RFG9ZTCCWHCBX","Janeth Flores","Es muy buena opci√≥n por el precio ya que aglutina bastante bien y el aroma a lavanda es bueno.","Revisado en M√©xico el 9 de enero de 2026","Buena opci√≥n","4.0 de 5 estrellas","","0","5 Kg","Aglutinante"
"RG6VQO8PNJZXH","Xavier Rivera","ES BUENA EN CUANTO AGLUTINACION, PERO PIERDE EL AROMA DEMASIADO RAPIDO A COMPARACION DE OTRAS. AHORA EL PRECIO JUSTIFICA TODO.","Revisado en M√©xico el 8 de enero de 2026","BUENA EN RELACION CALIDAD PRECIO","4.0 de 5 estrellas","","0","5 Kg","Aglutinante"
"R1K6DRSTLJQ0LJ","holdgert","Buenas","Revisado en M√©xico el 6 de enero de 2026","Si las compras en promo mejor","5.0 de 5 estrellas","","0","5 Kg","Aglutinante"
"R3AJGYG2BS1BIO","elizabeth","Muy mala calidad,no dura mucho ,los terrones de orina se desquebrajan y causa olor muy fuerte en el resto de la arena .","Revisado en M√©xico el 5 de enero de 2026","Producto muy simple","1.0 de 5 estrellas","","0","5 Kg","Aglutinante"
"R3FP5FMLB1TTN3","Miriam Garc√≠a","Econ√≥mica y muy buena, la recomiendo ampliamente. Tiene un aroma agradable.","Revisado en M√©xico el 4 de enero de 2026","Buen precio y excelente calidad","5.0 de 5 estrellas","","0","5 Kg","Aglutinante"
"R61KQQ9SWPAXU","Jenifer Cane","He comprado esta arena por urgencia, pero definitivamente si tienes mas de 2 gatos no la recomiendo nada, no aglutina, los terrones se deshacen antes de poder recogerlos, no controla olores, a los pocos d√≠as a pesar de limpiarla constantemente el olor es horrible","Revisado en M√©xico el 3 de enero de 2026","No aglutina","2.0 de 5 estrellas","","0","5 Kg","Aglutinante"
"R1K7RL52KWR4F4","Fernanda","Es una buena opci√≥n de emergencia, suelta mucho polvo y los terrones se parten y dejan residuos. Honestamente yo no la vuelvo a comprar, su buen punto es que inhibe el olor.","Revisado en M√©xico el 3 de enero de 2026","Opci√≥n de emergencia.","3.0 de 5 estrellas","","0","5 Kg","Aglutinante"
"RU35ZXSDIH8P0","Regina","No aglutina ni controla olores","Revisado en M√©xico el 2 de enero de 2026","No sirve","1.0 de 5 estrellas","","0","5 Kg","Aglutinante"
"RJN0FVID0GJ8I","Iv√°n Mar√≠n","No es arena de la mejor calidad, pero a mi gato no le incomoda.","Revisado en M√©xico el 31 de diciembre de 2025","No es arena de la mejor calidad.","3.0 de 5 estrellas","","0","5 Kg","Aglutinante"
"R1GJB94494BZD0","Edgar Emmanuel Tovar B√°rcenas","No me gust√≥ el producto. Comprendo que es econ√≥mico. Pero no quiere decir que por lo barato te entreguen una arena de mala calidad. No es tan aglutinante, deja mucho polvo, no absorbe como otros productos y su aroma es casi imperceptible. Compr√© 5 kg y es como cualquier tierra gen√©rica. Definitivamente no lo volver√© a comprar pero si gustan probarla primero est√° bien. Saludos.","Revisado en M√©xico el 31 de diciembre de 2025","Mala calidad","1.0 de 5 estrellas","","0","5 Kg","Aglutinante"
"R2JNWQZH7SDXUG","AERA","buen producto","Revisado en M√©xico el 30 de diciembre de 2025","mantiene limpia el √°rea de mi mascota","5.0 de 5 estrellas","","0","5 Kg","Aglutinante"
"R3EHJXQ9MY5NBF","Nestor0226","Siempre compro de esa marca es muy buena","Revisado en M√©xico el 29 de diciembre de 2025","A mis gatitos les encanta","5.0 de 5 estrellas","","0","5 Kg","Aglutinante"
"R3RBUXD50UL4LW","Pato H","No agustina bien, pero para una emergencia es suficiente","Revisado en M√©xico el 26 de diciembre de 2025","Suficiente","3.0 de 5 estrellas","","0","5 Kg","Aglutinante"
"R1ATC3O3X7HN31","Erik Vega","recomendado al 100%","Revisado en M√©xico el 25 de diciembre de 2025","recomendado al 100%","5.0 de 5 estrellas","","0","5 Kg","Aglutinante"
"R1P5N465YNC5KL","Felipe De Jes√∫s","Excelente producto","Revisado en M√©xico el 22 de diciembre de 2025","Excelente","5.0 de 5 estrellas","","0","5 Kg","Aglutinante"
"RIIHY5LVPNWO0","Jose g marquez","Lo comprar√© nuevamente.","Revisado en M√©xico el 21 de diciembre de 2025","Satisfecho con el producto","5.0 de 5 estrellas","","0","5 Kg","Aglutinante"
"R15GU94MFY4JCZ","Laura Delgado","Llegaron en buenas condiciones y bien empaquetadas","Revisado en M√©xico el 21 de diciembre de 2025","Buena compra","5.0 de 5 estrellas","","0","5 Kg","Aglutinante"
"R3L843ME7IKTTN","CLAUDIA IVONNE RODRIGUEZ REYES","Llego en buenas condiciones","Revisado en M√©xico el 21 de diciembre de 2025","Arena para gato","5.0 de 5 estrellas","https://m.media-amazon.com/images/I/71mT3L1BixL.jpg","0","5 Kg","Aglutinante"
"R2UKUY0P1OZSXF","Elsa","Aglutina muy bien, absorbe olores por m√°s tiempo. Excelente producto","Revisado en M√©xico el 19 de diciembre de 2025","Arena de calidad","5.0 de 5 estrellas","","0","5 Kg","Aglutinante"
"R2TGUH3AA7N8VD","Hector Marin","Muy buen precio, he usado en el pasado esta arena para mi gato, y ha salido muy buena.
Ojal√° que siga siendo de tan buena calidad.
El precio es fant√°stico.","Revisado en M√©xico el 17 de diciembre de 2025","Arena Conocida","5.0 de 5 estrellas","","0","5 Kg","Aglutinante"
"R3LLYLA61OS0VH","Dsea","Es una arena agradable, econ√≥mica, y no genera mal olor, f√°cil de limpiar","Revisado en M√©xico el 17 de diciembre de 2025","Amigable","5.0 de 5 estrellas","","0","5 Kg","Aglutinante"
"R3DDTN6VUGGO0Y","Carlos Adri√°n Cuarenta Maciel","Tema calidad Precio est√° muy bien! No vas a tener la calidad de marcas car√≠simas pero en la categor√≠a de su precio si es sumamente superior. La remiendo","Revisado en M√©xico el 14 de diciembre de 2025","Muy buena","5.0 de 5 estrellas","","0","5 Kg","Aglutinante"
"RG1KF20G5B0NA","Margarita Mora","El producto bien. Pero el repartidor lo dej√≥ afuera de mi casa.","Revisado en M√©xico el 12 de diciembre de 2025","P√©simo servicio de entrega","1.0 de 5 estrellas","","0","5 Kg","Aglutinante"
"R28RC2797Q6MMQ","Cesar O.","Para mi gato que adopte de la calle XD es muy buena ya que aglutina bien los liquidos.","Revisado en M√©xico el 10 de diciembre de 2025","Aglutinante","5.0 de 5 estrellas","","0","5 Kg","Aglutinante"
"R1BG1HAHQ6AKTP","Jorge Reynoso","Buen producto, el tip es no dejar que se acumule demasiado","Revisado en M√©xico el 10 de diciembre de 2025","MUY bueno","4.0 de 5 estrellas","","0","5 Kg","Aglutinante"
"R3T0TSP2G21XF2","Esme","Excelente arena para gatos, aglutina perfecto e inhibe por completo los aromas a pipi y popo; a√∫n despu√©s de su uso prevalece su fresco y delicioso aroma, 100% recomendado.","Revisado en M√©xico el 8 de diciembre de 2025","La mejor arena para gatos","5.0 de 5 estrellas","","0","5 Kg","Aglutinante"
"R3KNJ3BPZGUIUP","Claudia Karen","Me encanta, aglutina muy bien, no huele y tiene un excelente aroma a lavanda","Revisado en M√©xico el 8 de diciembre de 2025","Super recomendada","5.0 de 5 estrellas","","0","5 Kg","Aglutinante"
"R3L3P4MMLIZ0B5","rafamira","Mala arena, casi no aglutina y huele feo muy r√°pido por lo mismo","Revisado en M√©xico el 5 de diciembre de 2025","No la recomiendo","1.0 de 5 estrellas","","0","5 Kg","Aglutinante"
"R3IWFG6FC4RAEA","E","Excelente producto","Revisado en M√©xico el 5 de diciembre de 2025","Calidad de producto","4.0 de 5 estrellas","","0","5 Kg","Aglutinante"
"RZGL0OKJZ6LHB","Uriel Gutierrez","Venden pocas pz, lleg√≥ tarde.
Buenas calidad al momento de alutonar la orina","Revisado en M√©xico el 30 de noviembre de 2025","Venden solo 2 pz","4.0 de 5 estrellas","","0","5 Kg","Aglutinante"
"R1H3S3R2DL3CBA","Diego","Estoy conforme con la compra, quise volver a comprar no la encontr√©. Solo encontr√© una de 7kg de la misma marca pero de esta hubo un fallo con el env√≠o y no me lleg√≥ üò¨","Revisado en M√©xico el 30 de noviembre de 2025","Buena","4.0 de 5 estrellas","","0","5 Kg","Aglutinante"
"R17NAFCVS26V1M","Raven","Excelente producto.","Revisado en M√©xico el 27 de noviembre de 2025","Calidad y precio","5.0 de 5 estrellas","","0","5 Kg","Aglutinante"
"R30VNW32X6P2ZH","Silvia Morales","No aglutina, fue un fiasco. Nunca la volver√© a pedir.","Revisado en M√©xico el 26 de noviembre de 2025","P√©sima, no funciona. No aglutina nada. Un robo.","2.0 de 5 estrellas","","0","5 Kg","Aglutinante"
"R1YNIVF1N881PH","rosa belia Gomes henandez","Agustina muy bien","Revisado en M√©xico el 25 de noviembre de 2025","Bueno","5.0 de 5 estrellas","","0","5 Kg","Aglutinante"
"R16JZ6AH51NG4T","Angelica Cuellar","Deja muy oloroso","Revisado en M√©xico el 25 de noviembre de 2025","No absorbe el olor","3.0 de 5 estrellas","","0","5 Kg","Aglutinante"
"R223I2F5O5B57X","Alejandra Jannet Blancas Garc√≠a","Excelente arena y s√∫per econ√≥mica","Revisado en M√©xico el 25 de noviembre de 2025","Me encanta esta arena es excelente","5.0 de 5 estrellas","","0","5 Kg","Aglutinante"
"ROHJ3YWPBTO4","VERONICA HERNANDEZ BUTANDA","No aglutina lo suficiente la arena que hace contacto con la pipi, se separa al recogerla con la pala.","Revisado en M√©xico el 25 de noviembre de 2025","No funcion√≥ como esperaba","3.0 de 5 estrellas","","0","5 Kg","Aglutinante"
"R13A9P4TEC8QZ2","Miguel segura","Muy bien producto, de compra constante","Revisado en M√©xico el 24 de noviembre de 2025","Ideal para mis gatos","5.0 de 5 estrellas","","0","5 Kg","Aglutinante"
"R1RYGS6498OGO3","Odalys Mart√≠nez","Es una excelente arena, por favor traigan m√°s!","Revisado en M√©xico el 23 de noviembre de 2025","REGRESEN","5.0 de 5 estrellas","","0","5 Kg","Aglutinante"
"R302CG0JE1796Q","Ana","Mala, no aglutina nada.","Revisado en M√©xico el 22 de noviembre de 2025","Barato y malo","1.0 de 5 estrellas","","0","5 Kg","Aglutinante"
"R32R7OACXZG10G","Ana mtv","buena","Revisado en M√©xico el 22 de noviembre de 2025","bien","5.0 de 5 estrellas","","0","5 Kg","Aglutinante"
"R2RMLVCG5MQMUC","anahi martinez","No aglutina","Revisado en M√©xico el 21 de noviembre de 2025","No aglutina","1.0 de 5 estrellas","","0","5 Kg","Aglutinante"
"R32B6G41SG7PM6","Maximiliano Guzm√°n","Buena arena, aglutina muy bien, no hace polvo y huele bien.","Revisado en M√©xico el 21 de noviembre de 2025","Buena arena.","5.0 de 5 estrellas","","0","5 Kg","Aglutinante"
"RU734FY3WTXS1","DEYDD","buena y funcional","Revisado en M√©xico el 19 de noviembre de 2025","bien","5.0 de 5 estrellas","","0","5 Kg","Aglutinante"
"RBENF5477RZ4R","Ulises Lira","Sin duda la mejor marca que he encontrado y a un super precio... y si le sumamos que llega hasta la puerta de tu casa... 100/10","Revisado en M√©xico el 18 de noviembre de 2025","Excelente producto, y el precio ni se diga","5.0 de 5 estrellas","","0","5 Kg","Aglutinante"
"R2J0I9SYWGTTZD","DESY","LA ARENA ES DE EXCELENTE CALIDAD, LASTIMA QUE SOLO DE PUEDE UNO SOLICITAR MUY POCO, A VECES TENEMOS MUCHO GATOS, OJALA Y SE PUDIERA SOLICITARA MAS BULTOS","Revisado en M√©xico el 15 de noviembre de 2025","ARENA DE EXCELENTE CALIDAD","5.0 de 5 estrellas","","0","5 Kg","Aglutinante"
"R2QNFJ4YOI6SNU","Paola Echartea Cruz","Me parece un producto muy bueno y un excelente precio. Aglutina muy bien la pip√≠. Me gusta que es un producto sin olor, algunas arenas de gatos tienen un olor intenso desde que abres el paquete, no necesariamente malo o feo, solo intenso, y est√° arena no lo tiene. El precio es muy accesible y siempre llega a tiempo el paquete.","Revisado en M√©xico el 12 de noviembre de 2025","Buena opci√≥n.","5.0 de 5 estrellas","","0","5 Kg","Aglutinante"
"R2CDWLK01S10LF","Pantera","Excelente neutraliza muy bien el olor del arenero, la volver√≠a a comprar","Revisado en M√©xico el 8 de noviembre de 2025",".","5.0 de 5 estrellas","","0","5 Kg","Aglutinante"
"R3SFCX8VXCZ9VA","Ivan Arturo","Buen producto","Revisado en M√©xico el 8 de noviembre de 2025","Buen arenero","5.0 de 5 estrellas","","0","5 Kg","Aglutinante"
"R1LJWTE0LHSK11","Karla T.","Excelente producto, lleg√≥ todo bien y r√°pido","Revisado en M√©xico el 8 de noviembre de 2025","Arena de gato","5.0 de 5 estrellas","","0","5 Kg","Aglutinante"
"RDVOLCX1JQKFD","Carmen","Buen producto","Revisado en M√©xico el 7 de noviembre de 2025","Buen producto buen precio","5.0 de 5 estrellas","","0","5 Kg","Aglutinante"
"R24F9CIFDINGRI","Anadel Aguilar","Lo recomiendo ampliamente","Revisado en M√©xico el 5 de noviembre de 2025","Excelente producto","5.0 de 5 estrellas","","0","5 Kg","Aglutinante"
"R1Z7IRRMKMR04Y","GREY GARCIA","me encanta esta arena , pero no se porque Amazon solo me permite comprar de 2 bolsas y no me es suficiente","Revisado en M√©xico el 4 de noviembre de 2025","arena","5.0 de 5 estrellas","","0","5 Kg","Aglutinante"
"R2GW4MGZWQEDS3","Perla","Neutraliza olores, est√° bien, solo sigo monitoreando que a mis gatos no les cause como alergia","Revisado en M√©xico el 4 de noviembre de 2025","Bien","5.0 de 5 estrellas","","0","5 Kg","Aglutinante"
"R3I5DFLSR46AOU","Norma iris S√°nchez V√°zquez","Es buena arena no la mejor pero si te rinde y por ese precio est√° excelente","Revisado en M√©xico el 2 de noviembre de 2025","Buena arena","5.0 de 5 estrellas","https://images-na.ssl-images-amazon.com/images/G/01/x-locale/common/grey-pixel.gif","0","5 Kg","Aglutinante"
"R1OJKUHLTTABZR","Luz Mar√≠a Montoya Reyes","Es una arena s√∫per aglutinantes y con un olor que me ayuda mucho a qu√© no huela tanto la orina la recomiendo","Revisado en M√©xico el 1 de noviembre de 2025","Excelente arena","5.0 de 5 estrellas","","0","5 Kg","Aglutinante"
"R2OQZQ8K523V6T","Alevas","Despu√©s de comprar varios paquetes, el vendedor ya no me dejo seguir comprando, eso hace que sea un mal producto.","Revisado en M√©xico el 1 de noviembre de 2025","Mal producto","1.0 de 5 estrellas","","0","5 Kg","Aglutinante"
"R38AD4CBF95KPT","Tlali","Podr√≠a mejorar","Revisado en M√©xico el 1 de noviembre de 2025","Buen producto","5.0 de 5 estrellas","","0","5 Kg","Aglutinante"
"RYBLQ999JPK59","Raquel Fernandez","Muy buena calidad y huele muy rico elimina por completo el aroma del arenero","Revisado en M√©xico el 28 de octubre de 2025","Calidad","5.0 de 5 estrellas","","0","5 Kg","Aglutinante"
"R2OASBYQI2RRJ9","Buen producto y bonito gracias","Es buena la arena no deja olores tambi√©n","Revisado en M√©xico el 28 de octubre de 2025","Gatita feliz","5.0 de 5 estrellas","","0","5 Kg","Aglutinante"
"R2BV6TB0G0XLQA","Viris","Es muy buen producto
Lo que no me agrada es que limiten las unidades,","Revisado en M√©xico el 28 de octubre de 2025","L√≠mite","5.0 de 5 estrellas","","0","5 Kg","Aglutinante"
"R2SS6TI10CZB3S","JB","No retiene los olores","Revisado en M√©xico el 26 de octubre de 2025","No retiene olores","2.0 de 5 estrellas","","0","5 Kg","Aglutinante"
"R28NPDUMSDF8P1","Alda","gran opcion de bajo presupuesto, el unico defecto que tiene es que no aglutina por mucho tiempo por lo cual se tendra que limpiar el arenero unas 3 veces al dia.","Revisado en M√©xico el 25 de octubre de 2025","Buena","3.0 de 5 estrellas","","0","5 Kg","Aglutinante"
"R3UP9U2OQU9JT7","Rodrigo Segura","La arena cumple: quita malos olores, aglutina bien y es barata.

Sin embargo! Es una peligro para los gatos, tiene mucho polvo y lamentable desde que la compre, mis gatos enfermaron de v√≠as respiratorias, lo siento mucho pero es un producto que nunca volver√© a comprar.","Revisado en M√©xico el 25 de octubre de 2025","Enferma a los gatos por el polvo","2.0 de 5 estrellas","","0","5 Kg","Aglutinante"
"R1VMPH4FL8SW3W","Laura Adriana Z√∫√±iga Ayarzagoitia","Econ√≥mica, muy eficiente y llega a tiempo","Revisado en M√©xico el 23 de octubre de 2025","Cat sand","5.0 de 5 estrellas","","0","5 Kg","Aglutinante"
"R1KHN309KBPGN4","Alejandra","Arena muy recomendable","Revisado en M√©xico el 22 de octubre de 2025","Entrega inmediata","5.0 de 5 estrellas","","0","5 Kg","Aglutinante"
"R2IWU45V9Z922P","MARINA ALCANTAR","LO RECOMIENDO","Revisado en M√©xico el 21 de octubre de 2025","LO RECOMIENDO","5.0 de 5 estrellas","","0","5 Kg","Aglutinante"
"R4TG40BTMO4H","Israel","Es buen producto, solamente que me interesa comprar arriba de 2 bolsas, c√≥mo le puedo hacer?","Revisado en M√©xico el 20 de octubre de 2025","Buen producto","5.0 de 5 estrellas","","0","5 Kg","Aglutinante"
"R3C31ZFFA9AYH7","Angel Dooms","Muy buena calidad","Revisado en M√©xico el 19 de octubre de 2025","Es bueno","5.0 de 5 estrellas","","0","5 Kg","Aglutinante"
"R1RJCZ80FVS1CI","Beatriz Pineda","Es una buena arena para el costo que tiene, si limpias tu arenero todas los d√≠as te aguanta perfecto 5 d√≠as, huele bien y el terr√≥n de orina aunque no lo deja muy compacto es f√°cil sacarlo.","Revisado en M√©xico el 19 de octubre de 2025","Recomendada","5.0 de 5 estrellas","","0","5 Kg","Aglutinante"
"R101E9XI8N5R4H","Nefertari Res√©ndiz Cuevas","La mejor arena del universo.
Funcional, tiene un excelente aroma, realmente aglutina muy bien.","Revisado en M√©xico el 18 de octubre de 2025","Super aglutinante","5.0 de 5 estrellas","","0","5 Kg","Aglutinante"
"RGWJRIH94E0I5","Dercito","Mi gatito se acomod√≥ muy bien con la arena, ya llevamos un rato us√°ndola y no hemos tenido problema alguno.","Revisado en M√©xico el 17 de octubre de 2025","Excelente arena","5.0 de 5 estrellas","","0","5 Kg","Aglutinante"
"R1UI8M7OM0GZFY","Osiris Elizbeth","El producto es muy bueno, lo malo es que te limitan con la cantidad de arena que puedes comprar","Revisado en M√©xico el 16 de octubre de 2025","La compra","2.0 de 5 estrellas","","0","5 Kg","Aglutinante"
"R3FHRYB6CQDQJB","Aaron Carrizal","Excelente calidad - precio, por favor no limiten tanto la cantidad de compra tengo 6 gatos y con dos bolsas no ajusto üò£","Revisado en M√©xico el 15 de octubre de 2025","Satisfacci√≥n","5.0 de 5 estrellas","","0","5 Kg","Aglutinante"
"RDI1A8OMRYH0O","GMSD","En general es un buen producto, reduce olores, pero a veces no aglutina bien.","Revisado en M√©xico el 15 de octubre de 2025","En general buen producto","4.0 de 5 estrellas","","0","5 Kg","Aglutinante"
"R28Q5R5MXMG0V","Omar","Muy buena arena, alcanza para varios d√≠as","Revisado en M√©xico el 15 de octubre de 2025","Muy rendidora y de calidad","4.0 de 5 estrellas","","0","5 Kg","Aglutinante"
"R2MA3X2WU37GHL","Eri","Es buen√≠sima!!! siento que antes tra√≠an m√°s esferitas de aroma, pero sigue siendo muy buena","Revisado en M√©xico el 14 de octubre de 2025","Buen producto","5.0 de 5 estrellas","","0","5 Kg","Aglutinante"
"R25HZ1JXUKJ2OJ","Maribel Urdaneta","Arena super, para los much√≠s ,huele muy bien y tapa el mal olor","Revisado en M√©xico el 13 de octubre de 2025","Excelente producto","5.0 de 5 estrellas","","0","5 Kg","Aglutinante"
"R3VJWEKWPR4OQG","Marianela Fernandez","Tiene mucho perfume y tal vez m√°s qu√≠micos, le dio una reaccion al√©rgica a mi gata, se pel√≥ la cola, su panza y un poco sus patas... Las zonas con m√°s contacto. Tuve que tirar todo el producto","Revisado en M√©xico el 13 de octubre de 2025","Aglutina y todo pero","1.0 de 5 estrellas","https://m.media-amazon.com/images/I/615vDG0K7kL.jpg","0","5 Kg","Aglutinante"
"R1MDHUEP3N9X0R","Silverio solis","Buen producto","Revisado en M√©xico el 12 de octubre de 2025","Excelente producto","5.0 de 5 estrellas","","0","5 Kg","Aglutinante"
"R2DC7485VBMVYU","Erika Isabel Gonz√°lez","Funciona para lo que es .
Era muy econ√≥mico, el problema es que le suboey demaciado el predio casi el triple","Revisado en M√©xico el 12 de octubre de 2025","Le subieron el presio casi al triple","3.0 de 5 estrellas","","0","5 Kg","Aglutinante"
"R35K411HEXP6XT","Cliente Amazon","Muy buen producto pero no me deja comprar nuevamente","Revisado en M√©xico el 12 de octubre de 2025","Buen producto pero no se puede comprar nuevamente","5.0 de 5 estrellas","","0","5 Kg","Aglutinante"
"R2JPBFC84S95SF","Alejandro S","No le pongo 5 estrellas porque no me deja pedir m√°s de 2 unidades. Es muy buena arena y a buen precio, pero quienes tenemos varios gatos necesitamos m√°s arena que la que se nos permite pedir. Deber√≠an de subir el l√≠mite a 4 unidades.","Revisado en M√©xico el 10 de octubre de 2025","Excelente arena","4.0 de 5 estrellas","","0","5 Kg","Aglutinante"
"R1QSBUP2OV94Q","karina","Es excelente","Revisado en M√©xico el 10 de octubre de 2025","Excelente","5.0 de 5 estrellas","","0","5 Kg","Aglutinante"
"R14REBYPMV3YWH","Yusdi Figueroa","Me gust√≥ el productos","Revisado en M√©xico el 10 de octubre de 2025","Excelente","5.0 de 5 estrellas","","0","5 Kg","Aglutinante"
"R3QGGYCC9V6B2Z","Noem√≠","Muy buena arena, l√°stima que s√≥lo dejen comorar 2 bolsas al mes. Mis muchis son muy üí©üí©","Revisado en M√©xico el 9 de octubre de 2025","Muy buena arena, dejen comprar m√°s de dosbolsas","5.0 de 5 estrellas","","0","5 Kg","Aglutinante"