"id","profileName","text","date","title","rating","images","helpful","variant:tama√±o"
"R3C53SZIH1ES5E","Fred Wawra","vey low dust and low tracking.","Revisado en los Estados Unidos el 1 de febrero de 2026","not alway in stock a amazon.","5.0 de 5 estrellas","","0","18 Pound (Pack of 1)"
"R2A99ZOBSPH6WY","Claude Boisvert","Personnellement je n'ai pas de probl√®me avec l'odeur mais √ßa fonctionne assez bien","Revisado en Canad√° el 24 de enero de 2026","√áa fonctionnalit√© assez bien personnellement je n'ai pas de probl√®me avec l'odeur","4.0 de 5 estrellas","","0","18 Pound (Pack of 1)"
"R2KDP8YT0I9O7N","Alexandre Cournoyer Gagnon","Tracking is the same as their regular product if not worst.  I'll go back to the regular one next time.","Revisado en Canad√° el 22 de enero de 2026","Just get their regular litter","2.0 de 5 estrellas","","0","18 Pound (Pack of 1)"
"R3UJUFX1E5RXFT","Amazon Customer","Clump very nice no odor my cats are happy with it","Revisado en los Estados Unidos el 22 de enero de 2026","Price","5.0 de 5 estrellas","","0","18 Pound (Pack of 1)"
"R12TCBPYYV8P88","Melissa R","The best kitty litter I‚Äôve ever used. My kitty doesn‚Äôt track it throughout my home, the ingredients are safe and is great at clumping which makes it easy to clean. The price is reasonable compared to other brands I‚Äôve tried. But the best feature is that it absorbs the smells. Guests comment that my home does want smell bad like others. I‚Äôve recommended it to others.My kitty likes it too!","Revisado en los Estados Unidos el 16 de enero de 2026","Best Litter For Absorbing Odors","5.0 de 5 estrellas","","0","18 Pound (Pack of 1)"
"R2S5IYZY734U2K","Miriam Martinez","I have 4 cats so tracking is nearly inevitable, but this brand and litter have helped sooo much with that! The fact that it conceals smells so well is a huge bonus. Also a fan of how much is given for the price! Definitely recommend","Revisado en los Estados Unidos el 14 de enero de 2026","My go to litter!","5.0 de 5 estrellas","","0","18 Pound (Pack of 1)"
"R2XA484MLPTP46","Vanessa Medina","Not the best for my litter robot 3. The brand is excellent in other presentation but this one didn‚Äôt work for me.","Revisado en Canad√° el 12 de enero de 2026","Is ok","3.0 de 5 estrellas","","0","18 Pound (Pack of 1)"
"RZI31Q5KG0EYF","AJ","Very dusty and tracks worse than other kitty litter because the litter is bigger pieces AND because it‚Äôs not finer it‚Äôs easier to see and hurts to step on if bare foot lol..wouldn‚Äôt recommend.","Revisado en los Estados Unidos el 11 de enero de 2026","Very dusty and tracks","2.0 de 5 estrellas","","0","18 Pound (Pack of 1)"
"R3FYU75OLSPF18","Kelsey","Will not purchase again. It clumped but would stick to the bottom of the pan  making it very difficult to scoop.","Revisado en Canad√° el 8 de enero de 2026","üëéüèª","2.0 de 5 estrellas","","0","18 Pound (Pack of 1)"
"R22IYTTHK390YJ","Jeanne Menetre","Deplorable. Sticks to everything: the sides of the box, the scooper, does nothing for odor control, took me an hour and a half to salvage the litterbox and scoop, and the litter is expensive compared to cheaper/better quality litters. Complete waste of money. These people should not be in business. Shameful.","Revisado en los Estados Unidos el 30 de diciembre de 2025","The absolute worst (Amazon asking me to provide a picture - believe me, you don't want to see it)","1.0 de 5 estrellas","","0","18 Pound (Pack of 1)"
"RHQMGDOGDTUL4","Jessica","Works great with my self cleaning litter box. Great clumping with limited mess. My cat still manages to track some litter out of the box but it is a good improvement from others. I try to limit artificial fragrances so I love the natural ingredients and zero smell.","Revisado en los Estados Unidos el 28 de diciembre de 2025","Great clumping litter","5.0 de 5 estrellas","","0","18 Pound (Pack of 1)"
"R3CEZQJ08MVFRZ","Jessica Nelson","The best. I won‚Äôt buy anything but this.","Revisado en los Estados Unidos el 25 de diciembre de 2025","Best Litter","5.0 de 5 estrellas","","0","18 Pound (Pack of 1)"
"R3TZG4ZDR48YBU","MGySgtK","Absolutely dustless. Probably only 99.9%.But darn it, it tracks everywhere. But i sticking with it, since it is basically zero dust.","Revisado en los Estados Unidos el 20 de diciembre de 2025","Dustless yes. Low tracking no.","4.0 de 5 estrellas","","0","18 Pound (Pack of 1)"
"R1MK1K9LK6N6TW","Debbie Stroud","Over the years, with many of my cats, I have used different types of litter, trying to find the perfect one that will not trap odors and is very easy to clean up. I started using Dr. Elsey's Ultra cat litter several years ago, and it is great. It clumps well and does not have a lot of dust (very, very little in fact). Scooping is easy and does not break up as you scoop the clumps out. It is unscented, so I don't have to worry about my cats not liking it because of a smell.","Revisado en los Estados Unidos el 20 de diciembre de 2025","The best litter I've ever used","5.0 de 5 estrellas","","0","18 Pound (Pack of 1)"
"R1BAA0U7734ICS","Phil Clark","Went through a bunch of different litters before finding this one. Now we‚Äôre settled. For the first time we are NOT finding little bits of litter everywhere around the house. In the bed, on the couch‚Ä¶ no more! The complaint that it is ‚Äútoo heavy‚Äù might be the stupidest thing I‚Äôve ever heard. 100% recommended!!!","Revisado en los Estados Unidos el 20 de diciembre de 2025","Doesn‚Äôt track around the house!","5.0 de 5 estrellas","","0","18 Pound (Pack of 1)"
"RSJD7BPHVBVWY","Kraley","I don‚Äôt know how this has the good reviews that it has. It does not work with the automatic litter box that I have and it was recommended with it when I purchased it. It leaves as much tracking as the clump n seal that I‚Äôve always used. This was the reason I bought it. My clump n seal works way better with the automatic litter box. Going back to it.","Revisado en los Estados Unidos el 18 de diciembre de 2025","Tracks as much as the Clump n Seal","2.0 de 5 estrellas","","0","18 Pound (Pack of 1)"
"R2KAAVF4EPEP3M","jaclyn marx","Virtually dust free and very little tracking. Used lightweight litter prior that made a mess. Will always use this. Lasts 2-3 weeks with daily cleaning.","Revisado en los Estados Unidos el 22 de noviembre de 2025","Great clumping!","5.0 de 5 estrellas","","0","18 Pound (Pack of 1)"
"R3QU9E1FOVD1UH","Liz","The bag is really small for the price. So hard to judge when some are in litres, some in ounces, some grams, some kg etc. I wish all litter was described with same unit of measure","Revisado en Canad√° el 21 de noviembre de 2025","Poor value, nothing special, small bag","1.0 de 5 estrellas","","0","18 Pound (Pack of 1)"
"RJPWQO912N1JK","super reader","This is our favorite litter, now on automatic order. We have 1 kitty and one top-entry covered litter box. We scoop once/day. While this is not a zero-track litter, it absolutely tracks MUCH less than any other similar litter. It does make a big difference. I also really appreciate that it is unscented while quite effectively managing any odor. (I personally find the smell of scented litter to be offensive. ) The only thing I dislike about this litter is that the package can be hard to carry as it is just the plastic bag with no handles of any kind. But, that‚Äôs a small issue given its overall performance. Definitely recommend! Kitty gives it two claws up as well!","Revisado en los Estados Unidos el 14 de noviembre de 2025","Really is low tracking!","5.0 de 5 estrellas","https://images-na.ssl-images-amazon.com/images/G/01/x-locale/common/grey-pixel.gif","0","18 Pound (Pack of 1)"
"R1D23NVQQHTI9Q","Sent this item to my 13 yr old Granddaughter..turned her face very red..unfortunately she had school pictures the next day and tried to cover it up with concealer.","I bought this litter hoping it would cut down on it staying on the cat's feet and getting litter all over my house but it really did not do a very good job..I ended up trying "" Fresh Step Clean Paws "" from Walmart and it worked much better.","Revisado en los Estados Unidos el 24 de octubre de 2025","This litter did not stop litter getting all over my house.","1.0 de 5 estrellas","","0","18 Pound (Pack of 1)"
"RRCD46EHSXFX2","Corey","I first switched to Dr Elsey‚Äôs litter probably 10 years ago. I had a cat that kept going to the bathroom suddenly everywhere, but in the litter box. After binge watching my cat from hell, I think the show is called. I knew that she was doing it because she didn‚Äôt like something. I also took her to the vet to see if she had an infection but she did not previously I was using a very heavily scented Super lightweight litter from Walmart. I changed everything that she possibly could be hating about her litter box from removing the bag, to getting a bigger box, getting rid of the scented litter, getting rid of the lightweight litter that might get stuck in her feet, etc..

When I first tried this brand, it was the cat attract formula. I use that one or the one in the blue bag with some of the cat attract scent added in. It worked like a charm, and she started using the box again I kept using this brand in the blue bag because I really liked how hard it clumps when it clumps that hard. It‚Äôs super easy to scoop out and it keeps the rest of the litter, fresh or longer. I didn‚Äôt need the really strong smelling brand because it never stunk at all once I switched to this brand I‚Äôve been a loyal user ever since.

A few months ago this style was on sale somewhere and I thought I would try it. Holy cow it‚Äôs even better than the blue style! It clumps just as hard, still no smell, and it really really does reduce the amount of tracking. It cost a little bit more than the other style, but it‚Äôs worth it. I‚Äôve also noticed that I seem to go through less litter and the bags are lasting longer, so it actually might even be a better deal than the previous sale that I was using.

I highly recommend Dr. Elseys litter, no matter which style you choose. You really can‚Äôt go wrong. This is a really premium brand and worth every penny.","Revisado en los Estados Unidos el 14 de octubre de 2025","Wow!","5.0 de 5 estrellas","","0","18 Pound (Pack of 1)"
"RKQXX3AZ652AK","Marina I.","not true ""clean tracks""","Revisado en los Estados Unidos el 9 de octubre de 2025","not true ""clean tracks""","1.0 de 5 estrellas","","0","18 Pound (Pack of 1)"
"RX2K22G870M7B","Gladis","Mmm dir√≠a que es relativamente decente, la verdad estaba buscando una opci√≥n m√°s econ√≥mica a la arena que utilizo (Fresh Step - Clean Paws), y tambi√©n quer√≠a saber si hab√≠a alguna que no dejara tanto rastro as√≠ como esa. Me gust√≥ mucho el precio de Dr. Elsey‚Äôs y tambi√©n aglutina muy bien. Honestamente no puedo seguir compr√°ndolo porque siento que no oculta suficiente el aroma de la caja de arena; y eso que yo la limpio dos veces al d√≠a ya que tengo dos gatos machos adultos. La otra raz√≥n es que a mis gatos no les gust√≥ la arena, se negaron a utilizarla la primera noche y despu√©s de eso se resignaron ya que no ten√≠an otra opci√≥n pero a√∫n as√≠ prefer√≠an votar la arena fuera de la caja que usarla.","Revisado en los Estados Unidos el 9 de octubre de 2025","M√°s o menos","3.0 de 5 estrellas","","0","18 Pound (Pack of 1)"
"R3RGL4USR75IKN","Gail St. Germaine","Great stuff.","Revisado en los Estados Unidos el 18 de septiembre de 2025","Yup","5.0 de 5 estrellas","","0","18 Pound (Pack of 1)"
"R269UURBBCDM3N","laurie hill","Limits smell and my cat seems to be happier. Less litter spread through the house. It is very heavy compared to the lightweight litter","Revisado en Canad√° el 4 de septiembre de 2025","Less smell & spread!!","4.0 de 5 estrellas","","0","18 Pound (Pack of 1)"
"R344KUKH1TDXD4","G. Putnam","My neighbor turned me on to this brand. Clumps so well and no dust","Revisado en los Estados Unidos el 20 de agosto de 2025","Best litter I have tried.","5.0 de 5 estrellas","","0","18 Pound (Pack of 1)"
"RLAXXTK418676","Booklover5","Best cat litter! Does not smell, does not track much, clumps well. What else do you need?","Revisado en los Estados Unidos el 19 de agosto de 2025","Best cat litter!","5.0 de 5 estrellas","","0","18 Pound (Pack of 1)"
"RRICA8HCG13LX","Rebecca Passer","Almost no dust even with our kitty who likes to dig in her box. Solid odor control, although not the best I have tried, but the balance of odor control and tracking/dust is the best I have found.","Revisado en los Estados Unidos el 18 de agosto de 2025","Love this litter!","5.0 de 5 estrellas","","0","18 Pound (Pack of 1)"
"R29NFW5IVD6DTA","X","I was not impressed with this product at all, and I thought I would give it a try. I wish I hadn‚Äôt.","Revisado en los Estados Unidos el 10 de agosto de 2025","No","1.0 de 5 estrellas","","0","18 Pound (Pack of 1)"
"R2N0LDVN08U303","Roz Ann","These towels are great! Nice fabric, large size for dish drying, and a hook to hang them up when not in use. They dry quickly and can be used as hand towels in the kitchen, too.","Revisado en los Estados Unidos el 5 de agosto de 2025","Nicee quality cotton.","5.0 de 5 estrellas","","0","18 Pound (Pack of 1)"
"RQBZ3PJGZ1F3M","CM","Excellent litter! It clumps really well, making cleanup super easy, and there's barely any dust. Keeps things tidy and low-maintenance. Definitely my go-to from now on!","Revisado en Canad√° el 21 de julio de 2025","Great Clumps, No Dust - Love It.","5.0 de 5 estrellas","","0","18 Pound (Pack of 1)"
"R1QISRUSH6GX7K","Claudette giroux","Low tracking great pro","Revisado en Canad√° el 16 de julio de 2025","Low tracking litter","5.0 de 5 estrellas","","0","18 Pound (Pack of 1)"
"RF4E5CMLJ3963","S. K. Frymyer","This is the best cat litter we have found. Not only is it dust free, but it doesn't track as much as the other brands.","Revisado en los Estados Unidos el 6 de junio de 2025","Good cat litter","5.0 de 5 estrellas","","0","18 Pound (Pack of 1)"
"R2V8ELUYYF24LS","SAK415","I dunno how this stuff works, but it does! Cut down on vacuuming so much. Immediately added to subscribe & save!","Revisado en los Estados Unidos el 20 de mayo de 2025","Works!","5.0 de 5 estrellas","","0","18 Pound (Pack of 1)"
"R1BD9MJAD9QYJJ","Carol walker","I have always bought this litter and it was great but something changed because it tracks everywhere and when soiled  it turns like wet cement. What changed i ask you?","Revisado en los Estados Unidos el 18 de mayo de 2025","Tracks everywhere and does not clump up. More like wet cement when soiled","3.0 de 5 estrellas","","0","18 Pound (Pack of 1)"
"R3A6TK48VGIU1K","Joy L Gutierrez","Granuals could have been larger. The small granual size make the litter to fall between the cracks of the box and accumulate on to the floor beneath the kitty litter box. It‚Äôs a mess to clean up. The clumping factor is great, but I still had problems with my cat tracking kitty litter onto the floor as she climbed out of her box.","Revisado en los Estados Unidos el 29 de abril de 2025","Could have been better.","4.0 de 5 estrellas","","0","18 Pound (Pack of 1)"
"RXPGXAJALOIL9","kitty cat","Great","Revisado en los Estados Unidos el 21 de abril de 2025","No dust","5.0 de 5 estrellas","","0","18 Pound (Pack of 1)"
"R287FX6ZZ60S40","Beckysue","Prefer the Ultra. Less tracking with the Ultra than this one.","Revisado en los Estados Unidos el 28 de marzo de 2025","Prefer Ultra","2.0 de 5 estrellas","","0","18 Pound (Pack of 1)"
"R1IBSBOKGC1TU8","PRiep","Didn't notice any difference for tracking. Odor control was a little better than some, but the urine hardens, and is very difficult to try and remove from the box. The dust was better than some. Will try another litter. Just not sure it was worth the price.","Revisado en los Estados Unidos el 20 de marzo de 2025","It's okay","4.0 de 5 estrellas","","0","18 Pound (Pack of 1)"
"R32CC5Z2C0695D","Mojdeh Ahmadi","DO NOT BUY this item! It is priced as a 40lb one everywhere else, and they suggest a refund for a $42 shipping fee.","Revisado en Canad√° el 8 de marzo de 2025","DO NOT BUY! Overpriced!","1.0 de 5 estrellas","","0","18 Pound (Pack of 1)"
"R12EE4WYX2ZNFL","Amazon Customer","We have three litter boxes using different litters in each. Purchased this to limit tracking, however this tracks everywhere and is by far the worst litter I‚Äôve purchased in many years. Don‚Äôt waste your money on this product.","Revisado en el Reino Unido el 16 de diciembre de 2023","Avoid. Tracks everywhere!","1.0 de 5 estrellas","","0","18 Pound (Pack of 1)"